name;kurzname;blz;bic;plz;ort
Abtsgmünder Bank -Raiffeisen-;Abtsgmünder Bank;60069673;GENODES1ABR;73453;Abtsgmünd
Allgäuer Volksbank Kempten-Sonthofen;Allgäuer Volksbank;73390000;GENODEF1KEV;87416;Kempten (Allgäu)
BVB Volksbank Ndl d Frankfurter Volksbank;BVB Volksbank;51861325;GENODEF1BVB;61101;Bad Vilbel
Bankverein Werther Zw Ndl der VerbundVolksbank OWL;Bankv.Werther ZwNdl VV OWL;48021900;DGPBDE3MBVW;33824;Werther (Westf.)
Berliner Volksbank;Berliner VB Berlin;10090000;BEVODEBBXXX;10892;Berlin
Bremische Volksbank Weser-Wümme;Bremische Volksbank W-W;29190024;GENODEF1HB1;28069;Bremen
Budenheimer Volksbank;Budenheimer Volksbank;55061303;GENODE51BUD;55254;Budenheim
Dithmarscher Volks- und Raiffeisenbank;Dithmarscher VRB Heide;21890022;GENODEF1DVR;25746;Heide
Dortmunder Volksbank;Dortmunder Volksbank;44160014;GENODEM1DOR;44128;Dortmund
Eckernförder Bank Volksbank-Raiffeisenbank;Eckernförder Bank VRB;21092023;GENODEF1EFO;24331;Eckernförde
Emsländische Volksbank;Emsländische Volksbank;26660060;GENODEF1LIG;49791;Lingen (Ems)
EthikBank, Zndl der Volksbank Eisenberg;EthikBank Zndl Vb Eisenberg;83094495;GENODEF1ETK;07607;Eisenberg
Frankfurter Volksbank Rhein-Main;Frankfurter Voba Rhein-Main;50190000;FFVBDEFFXXX;60008;Frankfurt am Main
Freisinger Bank Volksbank-Raiffeisenbank;Freisinger Bank VB-Raiffbk;70169614;GENODEF1FSR;85354;Freising
Grafschafter Volksbank;Grafschafter Volksbank;28069956;GENODEF1NEV;48511;Nordhorn
Hagnauer Volksbank;Hagnauer Volksbank;69091200;GENODE61HAG;88709;Hagnau am Bodensee
Hamburger Volksbank;Hamburger Volksbank;20190003;GENODEF1HH2;20097;Hamburg
Hannoversche Volksbank;Hannoversche Volksbank;25190001;VOHADE2HXXX;30159;Hannover
Harzer Volksbank;Harzer Volksbank;80063508;GENODEF1QLB;38855;Wernigerode
Heidenheimer Volksbank;Heidenheimer Volksbank;63290110;GENODES1HDH;89504;Heidenheim an der Brenz
Hümmlinger Volksbank;Hümmlinger Volksbank;28069381;GENODEF1WLT;49757;Werlte
Ihre Volksbank Neckar Odenwald Main Tauber;Ihre Volksbank;67390000;GENODE61WTH;97866;Wertheim
Kieler Volksbank;Kieler Volksbank;21090007;GENODEF1KIL;24027;Kiel
Leipziger Volksbank;Leipziger Volksbank;86095604;GENODEF1LVB;04109;Leipzig
Oldenburger Volksbank;Oldenburger Volksbank;28061822;GENODEF1EDE;26122;Oldenburg (Oldb)
Ostfriesische Volksbank Leer;Ostfriesische VB Leer;28590075;GENODEF1LER;26768;Leer (Ostfriesland)
Raiffeisen Volksbank;Raiffeisen-VB Schwabenheim;50069842;GENODE51SWB;55270;Schwabenheim an der Selz
Raiffeisen-Bank Eschweiler;Raiffeisen-Bank Eschweiler;39362254;GENODED1RSC;52231;Eschweiler
Raiffeisen-Landesbank Steiermark, Niederlassung München;RLB Steiermark, München;70013300;RZSTDEM2XXX;80331;München
Raiffeisen-Volksbank;RVB Aurich;28562297;GENODEF1UPL;26589;Aurich
Raiffeisen-Volksbank Donauwörth;Raiff-VB Donauwörth;72290100;GENODEF1DON;86604;Donauwörth
Raiffeisen-Volksbank Ebersberg;Raiff-VB Ebersberg;70169450;GENODEF1ASG;85567;Grafing b. München
Raiffeisen-Volksbank Fresena;Raiff-VB Fresena;28361592;GENODEF1MAR;26506;Norden
Raiffeisen-Volksbank Haßberge;Raiff-VB Haßberge;79363151;GENODEF1HAS;97437;Haßfurt
Raiffeisen-Volksbank Hermsdorfer Kreuz;Raiffbk-VB Hermsdorf;83064488;GENODEF1HMF;07629;Hermsdorf
Raiffeisen-Volksbank Neustadt;Raiff-VB Neustadt;25069262;GENODEF1NST;31535;Neustadt am Rübenberge
Raiffeisen-Volksbank Ries;Raiffeisen-Volksbank Ries;72069329;GENODEF1NOE;86720;Nördlingen
Raiffeisen-Volksbank Tüßling-Unterneukirchen;Raiff-Volksbank Tüßling;70169576;GENODEF1TUS;84577;Tüßling
Raiffeisen-Volksbank Varel-Nordenham;Raiff-VB Varel-Nordenham;28064241;GENODEF1NHE;26954;Nordenham
Raiffeisenbank;Raiffeisenbank Bad Doberan;13061128;GENODEF1DBR;18209;Bad Doberan
Raiffeisenbank;Raiffeisenbank Seestermühe;20069144;GENODEF1SST;25371;Seestermühe
Raiffeisenbank;Raiffeisenbank, Hagenow;20069177;GENODEF1GRS;19230;Hagenow
Raiffeisenbank;Raiffbk Todenbüttel;21464671;GENODEF1TOB;24819;Todenbüttel
Raiffeisenbank;Raiffeisenbank Lauenburg;23063129;GENODEF1RLB;21481;Lauenburg
Raiffeisenbank;Raiffeisenbank Moormerland;28563749;GENODEF1MML;26802;Moormerland
Raiffeisenbank;Raiffbk Grävenwiesbach;50069345;GENODE51GWB;61279;Grävenwiesbach
Raiffeisenbank;Raiffbk Rodenbach Hanau;50663699;GENODEF1RDB;63514;Rodenbach
Raiffeisenbank;Raiffeisenbank Baunatal;52064156;GENODEF1BTA;34217;Baunatal
Raiffeisenbank;Raiffbk Niederwallmenach;57062675;GENODE51NWA;56357;Niederwallmenach
Raiffeisenbank;Raiffbk Erlenbach;60069911;GENODES1ERL;74233;Erlenbach
Raiffeisenbank;Raiffbk Berghülen;60069931;GENODES1BGH;89180;Berghülen
Raiffeisenbank;Raiffeisenbank Mittenwald;70169459;GENODEF1MTW;82481;Mittenwald
Raiffeisenbank;Raiffeisenbank Türkheim;70169575;GENODEF1TRH;86842;Türkheim
Raiffeisenbank;Raiffeisenbank Anger;71062802;GENODEF1AGE;83454;Anger
Raiffeisenbank;Raiffeisenbank Hiltenfingen;72069105;GENODEF1HTF;86856;Hiltenfingen
Raiffeisenbank;Raiffeisenbank Rehling;72069193;GENODEF1RLI;86508;Rehling
Raiffeisenbank;Raiffeisenbank Thannhausen;72069235;GENODEF1THS;86470;Thannhausen
Raiffeisenbank;Raiffeisenbank Wegscheid;74064593;GENODEF1WSD;94108;Wegscheid
Raiffeisenbank;Raiffeisenbank Grainet;74069744;GENODEF1GRT;94143;Grainet
Raiffeisenbank;Raiffeisenbank Bechhofen;76069378;GENODEF1BEH;91572;Bechhofen
Raiffeisenbank;Raiffeisenbank;79069213;GENODEF1RNM;97517;Rannungen
Raiffeisenbank Aichhalden-Hardt-Sulgen;Raiffbk Aichh-Hardt-Sulgen;60069553;GENODES1HAR;78739;Hardt
Raiffeisenbank Aidlingen;Raiffeisenbank Aidlingen;60069206;GENODES1AID;71134;Aidlingen
Raiffeisenbank Aitrang-Ruderatshofen;Raiffbk Aitrang-Ruderatshfn;73369851;GENODEF1AIT;87648;Aitrang
Raiffeisenbank Aldenhoven;Raiffeisenbank Aldenhoven;37069103;GENODED1ALD;52449;Aldenhoven
Raiffeisenbank Alteglofsheim-Hagelstadt;Raiffbk Alteglofshm-Hagelst;75069055;GENODEF1HGA;93095;Hagelstadt
Raiffeisenbank Altmühl-Jura;Raiffeisenbank Altmühl-Jura;76069462;GENODEF1GDG;91171;Greding
Raiffeisenbank Altschweier;Raiffeisenbank Altschweier;66261416;GENODE61ALR;77815;Bühl
Raiffeisenbank Aresing-Gerolsbach;Raiffbk Aresing-Gerolsbach;72169080;GENODEF1GSB;85302;Gerolsbach
Raiffeisenbank Arnstorf;Raiffeisenbank Arnstorf;74361211;GENODEF1ARF;94424;Arnstorf
Raiffeisenbank Aschau-Samerberg;Raiffbk Aschau-Samerberg;71162804;GENODEF1ASU;83226;Aschau i. Chiemgau
Raiffeisenbank Auerbach-Freihung;Raiffbk Auerbach-Freihung;76069369;GENODEF1AUO;91275;Auerbach i.d.OPf.
Raiffeisenbank Augsburger Land West;Raiffbk Augsburger Ld West;72069274;GENODEF1ZUS;86441;Zusmarshausen
Raiffeisenbank Bad Homburg Ndl d FrankfurterVB;Raiffeisenbank Bad Homburg;50069693;GENODE51BH1;61352;Bad Homburg
Raiffeisenbank Bad Kötzting;Raiffeisenbank Bad Kötzting;75069081;GENODEF1KTZ;93444;Bad Kötzting
Raiffeisenbank Bad Saulgau;Raiffeisenbank Bad Saulgau;65063086;GENODES1SAG;88343;Bad Saulgau
Raiffeisenbank Bad Windsheim;Raiffbk Bad Windsheim;76069372;GENODEF1WDS;91438;Bad Windsheim
Raiffeisenbank Baiertal;Raiffeisenbank Baiertal;67262243;GENODE61WIB;69168;Wiesloch
Raiffeisenbank Baisweil-Eggenthal-Friesenried;Raiffbk Baisweil-Eggent-Fr;73369871;GENODEF1EGB;87653;Eggenthal
Raiffeisenbank Beuerberg-Eurasburg;Raiffbk Beuerberg-Eurasburg;70169333;GENODEF1EUR;82547;Eurasburg
Raiffeisenbank Bidingen;Raiffeisenbank Bidingen;73369859;GENODEF1BIN;87651;Bidingen
Raiffeisenbank Biebergrund-Petersberg;Raiffbk Biebergrd-Petersbg;53062350;GENODEF1PBG;36094;Petersberg
Raiffeisenbank Bobingen;Raiffeisenbank Bobingen;72069036;GENODEF1BOI;86394;Bobingen
Raiffeisenbank Buch-Eching;Raiffbk Buch-Eching;74369662;GENODEF1EBV;84174;Eching
Raiffeisenbank Burgebrach-Stegaurach;RB Burgebrach-Stegaurach;77062014;GENODEF1BGB;96138;Burgebrach
Raiffeisenbank Böllingertal;Raiffbk Böllingertal;60069976;GENODES1BOE;74078;Heilbronn
Raiffeisenbank Bühlertal;Raiffbk Bühlertal;60069075;GENODES1RVG;74541;Vellberg
Raiffeisenbank Bühlertal;Raiffbk Bühlertal;60069245;GENODES1RVG;74424;Bühlertann
Raiffeisenbank Bütthard-Gaukönigshofen;Raiffbk Bütthard-Gaukönigsh;79069031;GENODEF1BHD;97244;Bütthard
Raiffeisenbank Chamer Land;Raiffeisenbank Chamer Land;74261024;GENODEF1CHA;93404;Cham
Raiffeisenbank Chiemgau-Nord - Obing;Raiffbk Chiemgau-Nord-Obing;70169165;GENODEF1SBC;83119;Obing
Raiffeisenbank Deggendorf-Plattling-Sonnenwald;Raiba Deg.-Pla.-Sonnenw.;74160025;GENODEF1DEG;94457;Deggendorf
Raiffeisenbank Denzlingen-Sexau;Raiffbk Denzlingen-Sexau;68062105;GENODE61DEN;79211;Denzlingen
Raiffeisenbank Dietersheim und Umgebung;Raiffeisenbank Dietersheim;76069410;GENODEF1DIM;91463;Dietersheim
Raiffeisenbank Donau-Heuberg;Raiffbk Donau-Heuberg;64361359;GENODES1RDH;78570;Mühlheim an der Donau
Raiffeisenbank DreiFranken;Raiffbk DreiFranken;76069602;GENODEF1HSE;91093;Heßdorf
Raiffeisenbank Eichenbühl und Umgebung;Raiffbk Eichenbühl u U;79668509;GENODEF1ENB;63928;Eichenbühl
Raiffeisenbank Eifel;Raiffbk Eifel Simmerath;37069642;GENODED1SMR;52152;Simmerath
Raiffeisenbank Elbmarsch;Raiffbk Elbmarsch Heist;22163114;GENODEF1HTE;25492;Heist
Raiffeisenbank Elsavatal;Raiffbk Elsavatal;79665540;GENODEF1EAU;63863;Eschau
Raiffeisenbank Elztal;Raiffeisenbank Elztal;66069103;GENODE61ELZ;74832;Elztal
Raiffeisenbank Ems-Vechte;Raiffeisenbank Ems-Vechte;28069878;GENODEF1KBL;49777;Klein Berßen
Raiffeisenbank Ersingen;Raiffeisenbank Ersingen;66662155;GENODE61ERS;75234;Kämpfelbach
Raiffeisenbank Eschlkam-Lam-Lohberg-Neukirchen b Hl Blut;RB Eschlk-Lam-Lohb-Neukirch;75069110;GENODEF1NKN;93453;Neukirchen b.Hl.Blut
Raiffeisenbank Falkenstein-Wörth;Raiffbk Falkenstein-Wörth;75069038;GENODEF1FKS;93167;Falkenstein
Raiffeisenbank Flachsmeer;Raiffbk Flachsmeer Westover;28562716;GENODEF1WEF;26810;Westoverledingen
Raiffeisenbank Floß;Raiffeisenbank Floß;75362039;GENODEF1FLS;92685;Floß
Raiffeisenbank Frankenhardt-Stimpfach;Raiffbk Frankenh-Stimpfach;60069442;GENODES1RFS;74597;Stimpfach
Raiffeisenbank Fränkische Schweiz;RB Fränkische Schweiz;77365792;GENODEF1HWA;96142;Hollfeld
Raiffeisenbank Gammesfeld;Raiffbk Gammesfeld;60069710;GENODES1RGF;74572;Blaufelden
Raiffeisenbank Geiselhöring-Pfaffenberg;Raiffbk Geiselhöring-Pfabg;74369088;GENODEF1GPF;94333;Geiselhöring
Raiffeisenbank Geislingen-Rosenfeld;Raiffbk Geislingen-Rosenf;60069463;GENODES1RKH;72348;Rosenfeld
Raiffeisenbank Geislingen-Rosenfeld;Raiffbk Geislingen-Rosenf;65362499;GENODES1GEI;72349;Geislingen
Raiffeisenbank Gilching;Raiffeisenbank Gilching;70169382;GENODEF1GIL;82205;Gilching
Raiffeisenbank Gmund am Tegernsee;Raiffeisenbank Gmund am Teg;70169383;GENODEF1GMU;83703;Gmund a. Tegernsee
Raiffeisenbank Goldener Steig - Dreisessel;Raiffbk Gold Steig Dreisess;74061101;GENODEF1RGS;94133;Röhrnbach
Raiffeisenbank Grafschaft-Wachtberg;Raiffbk Grafschaft-Wachtbg;57762265;GENODED1GRO;53501;Grafschaft
Raiffeisenbank Griesstätt-Halfing;Raiffbk Griesstätt-Halfing;70169132;GENODEF1HFG;83128;Halfing
Raiffeisenbank Grimma;Raiffeisenbank Grimma;86065483;GENODEF1GMR;04662;Grimma
Raiffeisenbank Gruibingen;Raiffbk Gruibingen;60069242;GENODES1RGR;73344;Gruibingen
Raiffeisenbank Gymnich;Raiffeisenbank Gymnich;37069322;GENODED1EGY;50374;Erftstadt
Raiffeisenbank Haag-Gars-Maitenbeth;Raiffbk Haag-Gars-Maitenb;70169388;GENODEF1HMA;83523;Haag i.OB
Raiffeisenbank Haibach-Obernau;Raiffbk Haibach-Obernau;79568518;GENODEF1HAC;63803;Haibach
Raiffeisenbank Hallertau;Raiffeisenbank Hallertau;70169693;GENODEF1RHT;84104;Rudelzhausen
Raiffeisenbank Hardt-Bruhrain;Raiffbk Hardt-Bruhrain;66062366;GENODE61DET;76704;Dettenheim
Raiffeisenbank Hengersberg-Schöllnach;Raiffbk Hengersb-Schöllnach;74161608;GENODEF1HBW;94491;Hengersberg
Raiffeisenbank HessenNord;Raiffeisenbank HessenNord;52063550;GENODEF1WOH;34466;Wolfhagen
Raiffeisenbank Hirschau;Raiffbk Hirschau;76069486;GENODEF1HSC;92242;Hirschau
Raiffeisenbank Hochfranken West;Raiffbk Hochfranken West;77069870;GENODEF1SZF;95236;Stammbach
Raiffeisenbank Hofkirchen-Bayerbach;Raiffbk Hofkirchen-Bayerbch;74369068;GENODEF1LWE;84082;Laberweinting
Raiffeisenbank Hohenloher Land;Raiffbk Hohenloher Land;60069714;GENODES1IBR;74665;Ingelfingen
Raiffeisenbank Holzkirchen-Otterfing;Raiffbk Holzkirchen-Otterf;70169410;GENODEF1HZO;83607;Holzkirchen
Raiffeisenbank Höchberg;Raiffeisenbank Höchberg;79063122;GENODEF1HBG;97201;Höchberg
Raiffeisenbank Ichenhausen;Raiffeisenbank Ichenhausen;72069119;GENODEF1ICH;89335;Ichenhausen
Raiffeisenbank Isar-Loisachtal;Raiffbk Isar-Loisachtal;70169543;GENODEF1HHS;82504;Wolfratshausen
Raiffeisenbank Kaarst;Raiffeisenbank Kaarst;37069405;GENODED1KAA;41564;Kaarst
Raiffeisenbank Kaiserstuhl;Raiffeisenbank Kaiserstuhl;68063479;GENODE61VOK;79235;Vogtsburg im Kaiserstuhl
Raiffeisenbank Kalbe-Bismark;Raiffbk Kalbe-Bismark;81063028;GENODEF1KAB;39624;Kalbe (Milde)
Raiffeisenbank Kastellaun;Raiffeisenbank Kastellaun;56061151;GENODED1KSL;56284;Kastellaun
Raiffeisenbank Kieselbronn;Raiffeisenbank Kieselbronn;66661329;GENODE61KBR;75249;Kieselbronn
Raiffeisenbank Kirchweihtal;Raiffeisenbank Kirchweihtal;73369918;GENODEF1OKI;87666;Pforzen
Raiffeisenbank Kirtorf;Raiffeisenbank Kirtorf;50069477;GENODE51KIF;36320;Kirtorf
Raiffeisenbank Knoblauchsland-Bibertgrund;Rbk Knoblauchsl-Bibertgrund;76069669;GENODEF1ZIR;90427;Nürnberg
Raiffeisenbank Kreis Kelheim;Raiffbk Kreis Kelheim;75069014;GENODEF1ABS;93077;Bad Abbach
Raiffeisenbank Küps-Mitwitz-Stockheim;Raiffbk Küps-Mitwitz-Stockh;77069044;GENODEF1KC2;96328;Küps
Raiffeisenbank Landshuter Land;Raiffbk Landshuter Land;74362663;GENODEF1ERG;84030;Ergolding
Raiffeisenbank Lech-Donau;RB Lech-Donau;72069005;GENODEF1AIL;86676;Ehekirchen
Raiffeisenbank Lechrain;Raiffeisenbank Lechrain;70169351;GENODEF1ELB;86925;Fuchstal
Raiffeisenbank Leezen;Raiffeisenbank Leezen;23061220;GENODEF1LZN;23816;Leezen
Raiffeisenbank Lorup;Raiffeisenbank Lorup;28069935;GENODEF1LRU;26900;Lorup
Raiffeisenbank MEHR;Raiffeisenbank MEHR;57069144;GENODED1KAI;56759;Kaisersesch
Raiffeisenbank Main-Spessart;Raiffbk Main-Spessart;79069150;GENODEF1GEM;97816;Lohr a. Main
Raiffeisenbank Mainschleife - Steigerwald;RB Mainschleife-Steigerwald;79069001;GENODEF1WED;97332;Volkach
Raiffeisenbank Maintal Ndl d Frankfurter VB;Frankfurter Volksbank;50662669;RBMFDEF1XXX;63477;Maintal
Raiffeisenbank Maitis;Raiffbk Maitis;60069336;GENODES1RMA;73037;Göppingen
Raiffeisenbank Mecklenburger Seenplatte;Raiffbk Mecklenb Seenplatte;15061618;GENODEF1WRN;17192;Waren (Müritz)
Raiffeisenbank Mehring-Leiwen;Raiffbk Mehring-Leiwen;58561771;GENODED1MLW;54340;Leiwen
Raiffeisenbank Mittelschwaben;Raiffbk Mittelschwaben;72069126;GENODEF1BBT;89297;Roggenburg
Raiffeisenbank Moormerland;Raiffeisenbank Moormerland;28562863;GENODEF1HTL;26835;Holtland
Raiffeisenbank München-Nord;Raiffbk München-Nord;70169465;GENODEF1M08;85704;Unterschleißheim
Raiffeisenbank München-Süd;Raiffeisenbank München-Süd;70169466;GENODEF1M03;81457;München
Raiffeisenbank Nahe;Raiffeisenbank Nahe;56261735;GENODED1FIN;55743;Fischbach
Raiffeisenbank Neumarkt;Raiffeisenbank Neumarkt;76069553;GENODEF1NM1;92305;Neumarkt i.d.OPf.
Raiffeisenbank Neumarkt-St. Veit - Reischach;Raiffbk Neumarkt-Reischach;70169530;GENODEF1RWZ;84571;Reischach
Raiffeisenbank Neustadt;Raiffbk Neustadt;57069238;GENODED1ASN;53573;Neustadt (Wied)
Raiffeisenbank Niedere Alb;Raiffeisenbank Niedere Alb;60069066;GENODES1RBA;89129;Langenau
Raiffeisenbank Nördliche Bergstraße;Raiffbk Nördliche Bergstr;50861501;GENODE51ABH;64659;Alsbach-Hähnlein
Raiffeisenbank Oberaudorf;Raiffeisenbank Oberaudorf;71162355;GENODEF1OBD;83080;Oberaudorf
Raiffeisenbank Oberferrieden-Burgthann;Raiffbk Oberferrieden-Burgt;76069564;GENODEF1BTO;90559;Burgthann
Raiffeisenbank Oberland;Raiffeisenbank Oberland;77069868;GENODEF1MGA;95352;Marktleugast
Raiffeisenbank Oberpfalz NordWest;Raiffbk Oberpfalz NordWest;77069764;GENODEF1KEM;95478;Kemnath
Raiffeisenbank Oberpfalz Süd;Raiffbk Oberpfalz Süd;75062026;GENODEF1DST;93093;Donaustauf
Raiffeisenbank Oberteuringen-Meckenbeuren;RB Oberteuringen-Meckenb.;65162832;GENODES1OTE;88094;Oberteuringen
Raiffeisenbank Oldersum;Raiffeisenbank Oldersum;28069755;GENODEF1MLO;26802;Moormerland
Raiffeisenbank Ortenburg-Kirchberg;Raiffbk Ortenburg-Kirchberg;74061670;GENODEF1ORT;94496;Ortenburg
Raiffeisenbank Ostprignitz-Ruppin;Raiffeisenbank Ostpr-Ruppin;16061938;GENODEF1NPP;16803;Neuruppin
Raiffeisenbank Ottenbach;Raiffeisenbank Ottenbach;60069457;GENODES1OTT;73113;Ottenbach
Raiffeisenbank Owschlag;Raiffeisenbank Owschlag;20069641;GENODEF1OWS;24811;Owschlag
Raiffeisenbank Parkstetten;Raiffeisenbank Parkstetten;74369130;GENODEF1PST;94365;Parkstetten
Raiffeisenbank Pfaffenhausen;Raiffbk Pfaffenhausen;72069789;GENODEF1PFA;87772;Pfaffenhausen
Raiffeisenbank Pfaffenhofen a d Glonn;Raiffbk Pfaffenhofen Glonn;70169186;GENODEF1ODZ;85235;Odelzhausen
Raiffeisenbank Pfaffenwinkel;Raiffbk Pfaffenwinkel;70169509;GENODEF1PEI;86971;Peiting
Raiffeisenbank Plankstetten;Raiffeisenbank Plankstetten;76069576;GENODEF1BPL;92334;Berching
Raiffeisenbank Rastede;Raiffeisenbank Rastede;28062165;GENODEF1RSE;26170;Rastede
Raiffeisenbank Rattiszell-Konzell;Raiffbk Rattiszell-Konzell;74369146;GENODEF1RZK;94372;Rattiszell
Raiffeisenbank Regensburg-Wenzenbach;Raiffbk Regensburg-Wenzenb;75060150;GENODEF1R02;93018;Regensburg
Raiffeisenbank Regenstauf;Raiffeisenbank Regenstauf;75061851;GENODEF1REF;93122;Regenstauf
Raiffeisenbank Reute-Gaisbeuren;Raiffbk Reute-Gaisbeuren;60069350;GENODES1RRG;88339;Bad Waldsee
Raiffeisenbank Rosenstein;Raiffeisenbank Rosenstein;61361722;GENODES1HEU;73540;Heubach
Raiffeisenbank Rupertiwinkel;Raiffbk Rupertiwinkel;70169191;GENODEF1TEI;83315;Teisendorf
Raiffeisenbank Scharrel;Raiffeisenbank Scharrel;28065286;GENODEF1SAN;26683;Saterland
Raiffeisenbank Schrobenhausener Land;Raiffbk Schrobenhausener Ld;72169246;GENODEF1WFN;86571;Langenmosen
Raiffeisenbank Schrozberg-Rot am See;Raiffbk Schrozberg-Rot;60069595;GENODES1SBB;74573;Schrozberg
Raiffeisenbank Schwaben Mitte;Raiffbk Schwaben Mitte;72069736;GENODEF1BLT;86370;Krumbach (Schwaben)
Raiffeisenbank Schwabmünchen-Stauden;RB Schwabmünchen-Stauden;72069220;GENODEF1SMU;86827;Schwabmünchen
Raiffeisenbank Singoldtal;Raiffbk Singoldtal;70169413;GENODEF1HUA;86857;Hurlach
Raiffeisenbank Sinzing;Raiffeisenbank Sinzing;75069078;GENODEF1SZV;93161;Sinzing
Raiffeisenbank Sondelfingen;Raiffbk Sondelfingen;60069147;GENODES1RSF;72740;Reutlingen
Raiffeisenbank Steingaden;Raiffeisenbank Steingaden;70169558;GENODEF1SGA;86989;Steingaden
Raiffeisenbank Straubing;Raiffeisenbank Straubing;74260110;GENODEF1SR2;94315;Straubing
Raiffeisenbank Strücklingen-Idafehn;Raiffbk Strückl.-Idafehn;28069052;GENODEF1ORF;26842;Ostrhauderfehn
Raiffeisenbank Südhardt Durmersheim;Rb Südhardt Durmersheim;66562053;GENODE61DUR;76448;Durmersheim
Raiffeisenbank Südliches Ostallgäu;Raiffbk Südliches Ostallgäu;73369933;GENODEF1RHP;87637;Seeg
Raiffeisenbank Taufkirchen-Oberneukirchen;Raiffbk Taufk-Oberneukirch;70169568;GENODEF1TAE;84565;Oberneukirchen
Raiffeisenbank Tüngental;Raiffbk Tüngental;60069950;GENODES1TUN;74523;Schwäbisch Hall
Raiffeisenbank Uehlfeld-Dachsbach;Raiffbk Uehlfeld-Dachsbach;76069404;GENODEF1DSB;91462;Dachsbach
Raiffeisenbank Unteres Inntal;Raiffbk Unteres Inntal;74061564;GENODEF1NUI;94152;Neuhaus a.Inn
Raiffeisenbank Unteres Vilstal;Raiffbk Unteres Vilstal;76069611;GENODEF1SDM;92287;Schmidmühlen
Raiffeisenbank Unteres Zusamtal;Raiffbk Unteres Zusamtal;72069179;GENODEF1BWI;86647;Buttenwiesen
Raiffeisenbank Voreifel;Raiffbk Voreifel, Rheinbach;37069627;GENODED1RBC;53359;Rheinbach
Raiffeisenbank Wald-Görisried;Raiffbk Wald-Görisried;73369954;GENODEF1WGO;87616;Wald
Raiffeisenbank Wallgau-Krün;Raiffbk Wallgau-Krün;70362595;GENODEF1WAK;82499;Wallgau
Raiffeisenbank Wangen;Raiffeisenbank Wangen;60069685;GENODES1RWA;73117;Wangen
Raiffeisenbank Welling;Raiffeisenbank Welling;57069361;GENODED1WLG;56753;Welling
Raiffeisenbank Werratal-Landeck;Raiffbk Werratal-Landeck;53261342;GENODEF1RAW;36266;Heringen (Werra)
Raiffeisenbank Wesermarsch-Süd;Raiffbk Wesermarsch-Süd;28061410;GENODEF1BRN;26913;Brake (Unterweser)
Raiffeisenbank Westeifel;Raiffeisenbank Westeifel;58661901;GENODED1WSC;54687;Arzfeld
Raiffeisenbank Westhausen;Raiffeisenbank Westhausen;60069544;GENODES1RWN;73461;Westhausen
Raiffeisenbank Westkreis Fürstenfeldbruck;Raiffbk Westkreis;70169460;GENODEF1MOO;82272;Moorenweis
Raiffeisenbank Wiesedermeer-Wiesede-Marcardsm;Raiffbk Wiesederm-Wiesede-M;28069773;GENODEF1WWM;26446;Friedeburg
Raiffeisenbank Wittelsbacher Land;RB Wittelsb. Land, Mering;72069155;GENODEF1MRI;86415;Mering
Raiffeisenbank Wyhl;Raiffbk Wyhl Kaiserstuhl;68062730;GENODE61WYH;79369;Wyhl am Kaiserstuhl
Raiffeisenbank Wüstenselbitz;Raiffbk Wüstenselbitz;77069906;GENODEF1WSZ;95233;Helmbrechts
Raiffeisenbank am Kulm;Raiffeisenbank am Kulm;77069782;GENODEF1SPK;95469;Speichersdorf
Raiffeisenbank i Lkr Passau-Nord;Raiffbk i Lkr Passau-Nord;74062786;GENODEF1TIE;94113;Tiefenbach
Raiffeisenbank im Allgäuer Land;Raiffbk im Allg Land;73369264;GENODEF1DTA;87463;Dietmannsried
Raiffeisenbank im Breisgau;Raiffeisenbank im Breisgau;68064222;GENODE61GUN;79194;Gundelfingen
Raiffeisenbank im Donautal;Raiffbk im Donautal;72169812;GENODEF1GAH;85080;Gaimersheim
Raiffeisenbank im Fuldaer Land;RB im Fuldaer LandGrl.;53062035;GENODEF1GLU;36137;Großenlüder
Raiffeisenbank im Grabfeld;Raiffeisenbank im Grabfeld;79069188;GENODEF1SLZ;97528;Sulzdorf a.d.Lederhecke
Raiffeisenbank im Kreis Calw;Raiffbk Calw;60663084;GENODES1RCW;75387;Neubulach
Raiffeisenbank im Nürnberger Land;Raiffbk im Nürnberger Land;76061482;GENODEF1HSB;90537;Feucht
Raiffeisenbank im Oberland;Raiffbk im Oberland;70169598;GENODEF1MIB;83646;Bad Tölz
Raiffeisenbank im Oberpfälzer Jura;Raiffbk im Oberpf. Jura;75069061;GENODEF1HEM;92331;Parsberg
Raiffeisenbank in Rheinhessen;Raiffeisenbank Rheinhessen;55060611;GENODE51MZ6;55120;Mainz
Raiffeisenbank-Volksbank Oder-Spree;Raiff-VB Oder-Spree Beeskow;17062428;GENODEF1BKW;15848;Beeskow
Rheingauer Volksbank;Rheingauer Volksbank;51091500;GENODE51RGG;65359;Geisenheim
VBU Volksbank im Unterland;VBU Volksbank im Unterland;62063263;GENODES1VLS;74336;Brackenheim
VR Bank;VR Bank Monheim am Rhein;30560548;GENODED1NLD;40789;Monheim am Rhein
VR Bank;VR Bank;55361202;GENODE51AHM;67577;Alsheim
VR Bank Alzey-Land-Schwabenheim;VRB Alzey-Land-Schwabenheim;50069126;GENODE51ABO;55270;Schwabenheim an der Selz
VR Bank Amberg-Sulzbach;VR Bank Amberg-Sulzbach;75290000;GENODEF1AMV;92237;Sulzbach-Rosenberg
VR Bank Augsburg-Ostallgäu;VR Bank Augsburg-Ostallgäu;72090000;GENODEF1AUB;86012;Augsburg
VR Bank Bad Orb-Gelnhausen;VR Bank Bad Orb-Gelnhausen;50790000;GENODE51GEL;63571;Gelnhausen
VR Bank Bamberg-Forchheim Volks- Raiffeisenbank;VR Bank Bamberg-Forchheim;76391000;GENODEF1FOH;96014;Bamberg
VR Bank Bayreuth-Hof;VR Bank Bayreuth-Hof;78060896;GENODEF1HO1;95444;Bayreuth
VR Bank Bergisch Gladbach-Leverkusen;VR Bank Berg.Gladbach-Lever;37062600;GENODED1PAF;51465;Bergisch Gladbach
VR Bank Donau-Oberschwaben;VR Bank Donau-Oberschwaben;65093020;GENODES1SLG;88348;Bad Saulgau
VR Bank Dreieich-Offenbach;VR Bank Dreieich-Offenbach;50592200;GENODE51DRE;63303;Dreieich
VR Bank Fulda;VR Bank Fulda;53060180;GENODE51FUL;36037;Fulda
VR Bank Fürstenwalde Seelow Wriezen;VR Bank Fürstenwalde;17092404;GENODEF1FW1;15501;Fürstenwalde/Spree
VR Bank Heilbronn Schwäbisch Hall;VR Bk Heilbronn Schwäb.Hall;62290110;GENODES1SHA;74523;Schwäbisch Hall
VR Bank Ihre Heimatbank;VR Bank Ihre Heimatbank;82064088;GENODEF1ESA;99817;Eisenach
VR Bank Kempten-Oberallgäu;VR Bank Kempten-Oberallgäu;73369920;GENODEF1SFO;87435;Kempten (Allgäu)
VR Bank Kitzingen;VR Bank Kitzingen;79190000;GENODEF1KT1;97318;Kitzingen
VR Bank Lahn-Dill;VR Bank Lahn-Dill;51762434;GENODE51BIK;35683;Dillenburg
VR Bank Lausitz;VR Bank Lausitz;18062678;GENODEF1FWA;03044;Cottbus
VR Bank Leipziger Land;VR Bank Leipziger Land;86065448;GENODEF1BOA;04552;Borna
VR Bank Main-Kinzig-Büdingen;VR Bk Main-Kinzig-Büdingen;50661639;GENODEF1LSR;63654;Büdingen
VR Bank Mecklenburg;VR Bank Mecklenburg;14061308;GENODEF1GUE;18055;Rostock
VR Bank Mittelhaardt;VR Bank Mittelhaardt;54691200;GENODE61DUW;67098;Bad Dürkheim
VR Bank Mittlere Oberpfalz;VR Bank Mittlere Oberpfalz;75069171;GENODEF1SWD;92507;Nabburg
VR Bank München Land;VR Bank München Land;70166486;GENODEF1OHC;82041;Deisenhofen
VR Bank Neuburg-Rain;VR Bank Neuburg-Rain;72169756;GENODEF1ND2;86633;Neuburg a.d.Donau
VR Bank Niederbayern-Oberpfalz;VR Bank Niederbayern-Oberpf;75090900;GENODEF1P18;93047;Regensburg
VR Bank Nord;VR Bank Nord;21763542;GENODEF1BDS;24937;Flensburg
VR Bank Oberfranken Mitte;VR Bank Oberfranken Mitte;77190000;GENODEF1KU1;95326;Kulmbach
VR Bank Rhein-Neckar;VR Bank Rhein-Neckar;67090000;GENODE61MA2;68165;Mannheim
VR Bank RheinAhrEifel;VR Bank RheinAhrEifel;57761591;GENODED1BNA;56068;Koblenz
VR Bank Ried-Überwald, Bürstadt;VR Bank Ried-Überwald, Bürs;50961206;GENODE51RBU;68642;Bürstadt
VR Bank Schleswig-Holstein Mitte;VR Bank SH Mitte;21762550;GENODEF1HUM;24783;Osterrönfeld
VR Bank Schwäbischer Wald;VR Bank Schwäbischer Wald;61391410;GENODES1WEL;73642;Welzheim
VR Bank Starnberg-Zugspitze;VR Bank Starnberg-Zugspitze;70093200;GENODEF1STH;82319;Starnberg
VR Bank Südliche Weinstraße-Wasgau;VR Bank Südl Weinstr-Wasgau;54891300;GENODE61BZA;76887;Bad Bergzabern
VR Bank Südpfalz;VR Bank Südpfalz;54862500;GENODE61SUW;76829;Landau in der Pfalz
VR Bank Weimar;VR Bank Weimar;82064188;GENODEF1WE1;99405;Weimar
VR Bank Westfalen-Lippe;VR Bank Westfalen-Lippe;41660124;GENODEM1LPS;59555;Lippstadt
VR Bank Wächtersbach/Bad Soden-Salmünster -alt;VR Bank Wächtersbach -alt-;50794300;GENODE51WBH;63607;Wächtersbach
VR Bank im südlichen Franken;VR Bank im südl. Franken;76591000;GENODEF1DKV;91781;Weißenburg i.Bay.
VR Bank in Holstein;VR Bank in Holstein;22191405;GENODEF1PIN;25421;Pinneberg
VR Bank in Thüringen;VR Bank in Thüringen;82064038;GENODEF1MU2;99974;Mühlhausen/Thüringen
VR Bank zwischen den Meeren;VR Bank zdM, Neumünster;21390008;GENODEF1NSH;24534;Neumünster
VR-Bank;VR-Bank Würselen;39162980;GENODED1WUR;52135;Würselen
VR-Bank Alb-Blau-Donau;VR-Bank Alb-Blau-Donau;60069346;GENODES1REH;89584;Ehingen (Donau)
VR-Bank Altenburger Land / Deutsche Skatbank;VR-Bank ABG-Land / Skatbank;83065408;GENODEF1SLR;04626;Schmölln
VR-Bank Bad Kissingen;VR-Bank Bad Kissingen;79065028;GENODEF1BRK;97688;Bad Kissingen
VR-Bank Bonn Rhein-Sieg;VR-Bank Bonn Rhein-Sieg;37069520;GENODED1RST;53721;Siegburg
VR-Bank Coburg;VR-Bank Coburg;78360000;GENODEF1COS;96416;Coburg
VR-Bank Donau-Mindel;VR-Bank Donau-Mindel;72069043;GENODEF1GZ2;89407;Dillingen a.d.Donau
VR-Bank Ehningen-Nufringen;VR-Bank Ehningen-Nufringen;60069355;GENODES1EHN;71139;Ehningen
VR-Bank Ellwangen;VR-Bank Ellwangen;61491010;GENODES1ELL;73471;Ellwangen (Jagst)
VR-Bank Erding;VR-Bank Erding;70169605;GENODEF1ISE;85435;Erding
VR-Bank Fichtelgebirge-Frankenwald;VR-Bk Fichtelgeb.-Frankenw.;78160069;GENODEF1MAK;95605;Marktredwitz
VR-Bank Fläming-Elsterland;VR-Bank Fläming-Elsterland;16062008;GENODEF1LUK;14943;Luckenwalde
VR-Bank Freudenberg-Niederfischbach;VR-Bank Freudenb.-Niederfi.;46061724;GENODEM1FRF;57258;Freudenberg
VR-Bank Handels- und Gewerbebank;VR-Bank HG-Bank;72062152;GENODEF1MTG;86358;Gersthofen
VR-Bank Isar-Vils;VR-Bk Isar-Vils Vilsbiburg;74392300;GENODEF1VBV;84131;Vilsbiburg
VR-Bank Ismaning Hallbergmoos Neufahrn;VR-Bank Ismaning Hallb Neuf;70093400;GENODEF1ISV;85737;Ismaning
VR-Bank Landau-Mengkofen;VR-Bank Landau-Mengkofen;74191000;GENODEF1LND;94405;Landau a.d.Isar
VR-Bank Landsberg-Ammersee;VR-Bank Landsberg-Ammersee;70091600;GENODEF1DSS;86899;Landsberg am Lech
VR-Bank Landshut;VR-Bank Landshut;74390000;GENODEF1LH1;84037;Landshut
VR-Bank Lichtenfels-Ebern;VR-Bank Lichtenfels-Ebern;77091800;GENODEF1LIF;96215;Lichtenfels
VR-Bank Ludwigsburg;VR-Bank Ludwigsburg;60491430;GENODES1VBB;71636;Ludwigsburg
VR-Bank Main-Rhön;VR-Bank Main-Rhön;79069165;GENODEF1MLV;97526;Sennfeld
VR-Bank Memmingen;VR-Bank Memmingen;73190000;GENODEF1MM1;87689;Memmingen
VR-Bank Mitte;VR-Bank Mitte;52260385;GENODEF1ESW;37115;Duderstadt
VR-Bank Mittelfranken Mitte;VR-Bank Mittelfranken Mitte;76560060;GENODEF1ANS;91522;Ansbach
VR-Bank Mittelsachsen;VR-Bank Mittelsachsen;86065468;GENODEF1DL1;09599;Freiberg
VR-Bank Neu-Ulm;VR-Bank Neu-Ulm;73061191;GENODEF1NU1;89231;Neu-Ulm
VR-Bank NordRhön;VR-Bank NordRhön Hünfeld;53061230;GENODEF1HUE;36081;Hünfeld
VR-Bank Nordeifel;VR-Bank Nordeifel Schleiden;37069720;GENODED1SLE;53932;Schleiden
VR-Bank Osnabrücker Nordland;VR-Bank Osnabrücker Nordl.;26567943;GENODEF1NOP;49584;Fürstenau
VR-Bank Ostalb;VR-Bank Ostalb;61490150;GENODES1AAV;73407;Aalen
VR-Bank Ostbayern-Mitte;VR-Bank Ostbayern-Mitte;74290000;GENODEF1SR1;94315;Straubing
VR-Bank Passau;VR-Bank Passau;74090000;GENODEF1PA1;94015;Passau
VR-Bank Rottal-Inn;VR-Bank Rottal-Inn;74061813;GENODEF1PFK;84347;Pfarrkirchen
VR-Bank Rottal-Inn;VR-Bank Rottal-Inn;74391400;GENODEF1EGR;84301;Eggenfelden
VR-Bank Spangenberg-Morschen;VR-Bank Spangenbg-Morschen;52063369;GENODEF1SPB;34286;Spangenberg
VR-Bank Südwestpfalz Pirmasens-Zweibrücken;VR-Bank Südwestpfalz;54261700;GENODE61ROA;66953;Pirmasens
VR-Bank Taufkirchen-Dorfen;VR-Bank Taufkirchen-Dorfen;70169566;GENODEF1TAV;84416;Taufkirchen (Vils)
VR-Bank Uckermark-Randow;VR-Bank Uckermark-Randow;15091704;GENODEF1PZ1;17291;Prenzlau
VR-Bank Vilshofen-Pocking;VR Vilshofen-Pocking;74062490;GENODEF1VIR;94060;Pocking
VR-Bank Werdenfels;VR-Bank Werdenfels;70390010;GENODEF1GAP;82467;Garmisch-Partenkirchen
VR-Bank in Mittelbaden;VR-Bank Mittelb Iffezheim;66562300;GENODE61IFF;76473;Iffezheim
VR-Bank in Nordhessen Westthüringen;VR Nordhessen Westthüringen;84094754;GENODEF1SAL;36433;Bad Salzungen
VR-Bank in Südniedersachsen;VR-Bank in Südniedersachsen;26062433;GENODEF1DRA;37127;Dransfeld
VR-Bank in Südoldenburg;VR-Bank Südoldenburg;28061501;GENODEF1CLP;49681;Garrel
VerbundVolksbank OWL;VerbundVolksbank OWL;47260121;DGPBDE3MXXX;33098;Paderborn
Vereinigte Raiffeisenbank Burgstädt;Ver Raiffbk Burgstädt;87069077;GENODEF1BST;09217;Burgstädt
Vereinigte VR Bank;Vereinigte VR Bank;21791906;GENODEF1WYK;25938;Wyk auf Föhr
Vereinigte VR Bank Kur- und Rheinpfalz;VerVR Bank Kur-u Rheinpfalz;54790000;GENODE61SPE;67346;Speyer
Vereinigte Volksbank;Vereinigte Volksbank;28062249;GENODEF1HUD;27795;Hude
Vereinigte Volksbank;Vereinigte Volksbank;47264367;GENODEM1STM;33029;Brakel
Vereinigte Volksbank Bramgau Osnabrück Wittlage;Vereinigte Volksbank;26590025;GENODEF1OSV;49090;Osnabrück
Vereinigte Volksbank Raiffeisenbank;Vereinigte VB RB;50863513;GENODE51MIC;64354;Reinheim
Vereinigte Volksbank Raiffeisenbank;VVR-Bank Simmern;56061472;GENODED1KHK;55469;Simmern
Vereinigte Volksbank Saarlouis-Losheim-Sulzbach/Saar;Vereinigte Volksbank;59092000;GENODE51SB2;66740;Saarlouis
Vereinigte Volksbanken;Vereinigte Volksbanken;60390000;GENODES1BBV;71063;Sindelfingen
Vereinte Volksbank;Vereinte Volksbank;42461435;GENODEM1KIH;46282;Dorsten
Volks- und Raiffeisenbank;VB u Raiffbk;13061078;GENODEF1HWI;23952;Wismar
Volks- und Raiffeisenbank Muldental;VR-Bank Muldental Grimma;86095484;GENODEF1GMV;04668;Grimma
Volks- und Raiffeisenbank Prignitz;Volks- u Raiffbk Prignitz;16060122;GENODEF1PER;19348;Perleberg
Volks- und Raiffeisenbank Saale-Unstrut;Volks-Raiffbk Saale-Unstrut;80063648;GENODEF1NMB;06207;Merseburg
Volksbank;Volksbank Oldendorf;20069815;GENODEF1815;21724;Oldendorf
Volksbank;Volksbank;25193331;GENODEF1PAT;30982;Pattensen
Volksbank;Volksbank Adelebsen;26061556;GENODEF1ADE;37139;Adelebsen
Volksbank;Volksbank;27092555;GENODEF1WFV;38300;Wolfenbüttel
Volksbank;Volksbank Seesen;27893760;GENODEF1SES;38723;Seesen
Volksbank;Volksbank;28066620;GENODEF1FOY;26169;Friesoythe
Volksbank;Volksbank;29162394;GENODEF1OHZ;27704;Osterholz-Scharmbeck
Volksbank;Volksbank Worpswede;29166568;GENODEF1WOP;27726;Worpswede
Volksbank;Volksbank Lindenberg;73369826;GENODEF1LIA;88151;Lindenberg i. Allgäu
Volksbank;Volksbank Sangerhausen;80063558;GENODEF1SGH;06526;Sangerhausen
Volksbank;Volksbank Köthen;80063628;GENODEF1KOE;06351;Köthen (Anhalt)
Volksbank;Volksbank Gardelegen;81093034;GENODEF1GA1;39638;Gardelegen
Volksbank  Emstek Essen Cappeln;VB  Emstek Essen Cappeln;28063526;GENODEF1ESO;49692;Cappeln (Oldenburg)
Volksbank - Die Gestalterbank;Volksbank - Gestalterbank;66490000;GENODE61OG1;77652;Offenburg
Volksbank Aachen Süd;Volksbank Aachen Süd;39161490;GENODED1AAS;52037;Aachen
Volksbank Ahlerstedt;Volksbank Ahlerstedt;20069780;GENODEF1AST;21702;Ahlerstedt
Volksbank Alb;Volksbank Alb;63091300;GENODES1LAI;89129;Langenau
Volksbank Aller-Oker;Volksbank Aller-Oker;25069270;GENODEF1MUA;38539;Müden (Aller)
Volksbank Allgäu-Oberschwaben;Voba Allgäu-Oberschwaben;65091040;GENODES1LEU;88299;Leutkirch im Allgäu
Volksbank Alzey-Worms;Volksbank Alzey-Worms;55091200;GENODE61AZY;67547;Worms
Volksbank Anröchte;Volksbank Anröchte;41661206;GENODEM1ANR;59604;Anröchte
Volksbank Ascheberg-Herbern;Volksbank Ascheberg-Herbern;40069601;GENODEM1CAN;59381;Ascheberg
Volksbank BRAWO;Volksbank BRAWO;26991066;GENODEF1WOB;38440;Wolfsburg
Volksbank Backnang;Volksbank Backnang;60291120;GENODES1VBK;71522;Backnang
Volksbank Bad Laer-Borgloh-Hilter-Melle;VB Laer-Borgl-Hilter-Melle;26562490;GENODEF1HTR;49176;Hilter am Teutoburger Wald
Volksbank Bad Salzuflen;Volksbank Bad Salzuflen;48291490;GENODEM1BSU;32108;Bad Salzuflen
Volksbank Baumberge;Volksbank Baumberge;40069408;GENODEM1BAU;48727;Billerbeck
Volksbank Beilstein-Ilsfeld-Abstatt;VB Beilstein-Ilsfeld-Abstat;62062215;GENODES1BIA;71717;Beilstein
Volksbank Berg;Volksbank Berg;37069125;GENODED1RKO;51679;Wipperfürth
Volksbank Bocholt;Volksbank Bocholt;42860003;GENODEM1BOH;46395;Bocholt
Volksbank Bochum Witten;Volksbank Bochum Witten;43060129;GENODEM1BOC;44728;Bochum
Volksbank Bodensee-Oberschwaben;Volksbank Bodensee-Oberschw;65191500;GENODES1TET;88069;Tettnang
Volksbank Brandoberndorf;Volksbank Brandoberndorf;51591300;GENODE51WBO;35647;Waldsolms
Volksbank Braunlage;Volksbank Braunlage;27893359;GENODEF1BLG;38700;Braunlage
Volksbank Breisgau Nord;VB Breisgau Nord;68092000;GENODE61EMM;79312;Emmendingen
Volksbank Breisgau-Markgräflerland;VB Breisgau-Markgräflerland;68061505;GENODE61IHR;79427;Eschbach
Volksbank Bremen-Nord;Volksbank Bremen-Nord;29190330;GENODEF1HB2;28757;Bremen
Volksbank Brenztal;Volksbank Brenztal;60069527;GENODES1RNS;89537;Giengen an der Brenz
Volksbank Brüggen-Nettetal;Volksbank Brüggen-Nettetal;31062154;GENODED1KBN;41376;Brüggen
Volksbank Butzbach;Volksbank Butzbach;51861403;GENODE51BUT;35510;Butzbach
Volksbank Bönen;Volksbank Bönen;41062215;GENODEM1BO1;59194;Bönen
Volksbank Börde-Bernburg;Volksbank Börde-Bernburg;81069052;GENODEF1WZL;39164;Wanzleben-Börde
Volksbank Börßum-Hornburg;Volksbank Börßum-Hornburg;27062290;GENODEF1BOH;38312;Börßum
Volksbank Bühl;Volksbank Bühl;66291400;GENODE61BHL;77808;Bühl
Volksbank Bühl Fil Kehl;Volksbank Bühl;66491800;GENODE61BHL;77694;Kehl
Volksbank Chemnitz;Volksbank Chemnitz;87096214;GENODEF1CH1;09003;Chemnitz
Volksbank Daaden;Volksbank Daaden;57391200;GENODE51DAA;57567;Daaden
Volksbank Dammer Berge;Volksbank Dammer Berge;28061679;GENODEF1DAM;49396;Damme
Volksbank Darmstadt Mainz;VB Darmstadt Mainz;55190000;MVBMDE55XXX;55116;Mainz
Volksbank Deisslingen;Volksbank Deisslingen;64291420;GENODES1VDL;78652;Deißlingen
Volksbank Delbrück-Rietberg;Volksbank Delbrück-Rietberg;47862447;GENODEM1RNE;33129;Delbrück
Volksbank Delitzsch;Volksbank Delitzsch;86095554;GENODEF1DZ1;04509;Delitzsch
Volksbank Demmin;Volksbank Demmin;15091674;GENODEF1DM1;17109;Demmin, Hansestadt
Volksbank Dessau-Anhalt;Volksbank Dessau-Anhalt;80093574;GENODEF1DS1;06811;Dessau-Roßlau
Volksbank Dettenhausen;VB Dettenhausen;60069378;GENODES1DEH;72135;Dettenhausen
Volksbank Dinslaken;Volksbank Dinslaken;35261248;GENODED1DLK;46525;Dinslaken
Volksbank Dreiländereck;VB Dreiländereck Lörrach;68390000;VOLODE66XXX;79537;Lörrach
Volksbank Dresden-Bautzen;VB Dresden-Bautzen;85090000;GENODEF1DRS;01097;Dresden
Volksbank Dünnwald-Holweide;Volksbank Dünnwald-Holweide;37069427;GENODED1DHK;51069;Köln
Volksbank Düsseldorf Neuss;VB Düsseldorf Neuss;30160213;GENODED1DNE;40012;Düsseldorf
Volksbank Düte-Ems;VB Düte-Ems;26565928;GENODEF1HGM;49124;Georgsmarienhütte
Volksbank Eisenberg;Volksbank Eisenberg;83094494;GENODEF1ESN;07607;Eisenberg
Volksbank Elsen-Wewer-Borchen;VB Elsen-Wewer-Borchen;47260234;GENODEM1EWB;33075;Paderborn
Volksbank Emmerich-Rees;Volksbank Emmerich-Rees;35860245;GENODED1EMR;46427;Emmerich am Rhein
Volksbank Emstal;Volksbank Emstal;28069991;GENODEF1LTH;49759;Lathen
Volksbank Enniger-Ostenfelde-Westkirchen;VB Enniger-Ostenfelde-Westk;41261324;GENODEM1EOW;59320;Ennigerloh
Volksbank Erft;Volksbank Erft Elsdorf;37069252;GENODED1ERE;50183;Elsdorf
Volksbank Ermstal-Alb;Volksbank Ermstal-Alb;64091200;GENODES1MTZ;72555;Metzingen
Volksbank Ettlingen;Volksbank Ettlingen;66091200;GENODE61ETT;76263;Ettlingen
Volksbank Euskirchen;Volksbank Euskirchen;38260082;GENODED1EVB;53879;Euskirchen
Volksbank Eutin Raiffeisenbank;Volksbank Eutin;21392218;GENODEF1EUT;23693;Eutin
Volksbank Filder;VB Filder;61161696;GENODES1NHB;73761;Neuhausen auf den Fildern
Volksbank Flein-Talheim;Volksbank Flein-Talheim;62062643;GENODES1VFT;74223;Flein
Volksbank Franken;Volksbank Franken Buchen;67461424;GENODE61BUC;74713;Buchen (Odenwald)
Volksbank Fredenbeck;Volksbank Fredenbeck;20069812;GENODEF1FRB;21717;Fredenbeck
Volksbank Freiburg;Volksbank Freiburg;68090000;GENODE61FR1;79005;Freiburg im Breisgau
Volksbank Gebhardshain;Volksbank Gebhardshain;57361476;GENODED1GBS;57580;Gebhardshain
Volksbank Geest;Volksbank Geest;20069782;GENODEF1APE;21641;Apensen
Volksbank Geeste-Nord;Volksbank Geeste-Nord;29262722;GENODEF1BRV;27607;Geestland
Volksbank Gera-Jena-Rudolstadt;VB Gera-Jena-Rudolstadt;83094454;GENODEF1RUJ;07743;Jena
Volksbank Gersprenztal-Otzberg;VB Gersprenztal-Otzberg;50862703;GENODE51REI;64354;Reinheim
Volksbank Gescher;Volksbank Gescher;40164901;GENODEM1GE1;48712;Gescher
Volksbank Glan-Münchweiler;Volksbank Glan-Münchweiler;54092400;GENODE61GLM;66905;Glan-Münchweiler
Volksbank Grebenhain;Volksbank Grebenhain;50069146;GENODE51GRC;36352;Grebenhain
Volksbank Grevenbrück -alt;Volksbank Grevenbrück -alt-;46261607;GENODEM1GLG;57368;Lennestadt
Volksbank Gronau-Ahaus;Volksbank Gronau-Ahaus;40164024;GENODEM1GRN;48599;Gronau (Westf.)
Volksbank Göppingen;Volksbank Göppingen;61060500;GENODES1VGP;73013;Göppingen
Volksbank Halle, Saale;VB Halle, Saale;80093784;GENODEF1HAL;06016;Halle (Saale)
Volksbank Halle/Westf;Volksbank Halle/Westf;48062051;GENODEM1HLW;33790;Halle (Westf.)
Volksbank Hameln-Stadthagen;VB Hameln-Stadthagen;25462160;GENODEF1HMP;31763;Hameln
Volksbank Hamm/Sieg;VB Hamm/Sieg Hamm (Sieg);57391500;GENODE51HAM;57573;Hamm
Volksbank Haren Fil d Ostfriesischen VB;Volksbank Haren;26691213;GENODEF1HAR;49725;Haren (Ems)
Volksbank Haselünne;Volksbank Haselünne;26661380;GENODEF1HLN;49734;Haselünne
Volksbank Heidelberg-Neckartal;VB Heidelberg-Neckartal;67291700;GENODE61NGD;69115;Heidelberg
Volksbank Heiden;Volksbank Heiden;42861608;GENODEM1HEI;46356;Heiden
Volksbank Heimbach;Volksbank Heimbach;37069342;GENODED1HMB;52396;Heimbach
Volksbank Heinsberg;Volksbank Heinsberg;37069412;GENODED1HRB;52525;Heinsberg
Volksbank Heldenbergen Ndl d Frankfurter VB;Volksbank Heldenbergen;50661816;GENODE51NIH;61123;Nidderau
Volksbank Hellweg;Volksbank Hellweg;41460116;GENODEM1SOE;59494;Soest
Volksbank Heuchelheim;Volksbank Heuchelheim;51361021;GENODE51HHE;35452;Heuchelheim a. d. Lahn
Volksbank Hildesheim;Volksbank Hildesheim;25990011;GENODEF1HIH;31113;Hildesheim
Volksbank Hochrhein;Volksbank Hochrhein;68492200;GENODE61WT1;79761;Waldshut-Tiengen
Volksbank Hohenlimburg;Volksbank Hohenlimburg;45061524;GENODEM1HLH;58119;Hagen
Volksbank Hohenlohe;Volksbank Hohenlohe;62091800;GENODES1VHL;74613;Öhringen
Volksbank Immenstadt;Volksbank Immenstadt;73392000;GENODEF1IMV;87509;Immenstadt i. Allgäu
Volksbank Jade-Weser;Volksbank Jade-Weser;28262673;GENODEF1VAR;26316;Varel
Volksbank Jerichower Land;VB Jerichower Land;81063238;GENODEF1BRG;39288;Burg
Volksbank Kaiserslautern;Voba Kaiserslautern;54090000;GENODE61KL1;67655;Kaiserslautern
Volksbank Kassel Göttingen;VB Kassel Göttingen;52090000;GENODE51KS1;34117;Kassel
Volksbank Kehdingen Zndl. der Ostfriesischen Volksbank;VB Kehdingen;20069786;GENODEF1DRO;21703;Drochtersen
Volksbank Kelsterbach Ndl d Frankfurter VB;Volksbank Kelsterbach;50093400;GENODE51KBH;65444;Kelsterbach
Volksbank Kempen-Grefrath;Volksbank Kempen-Grefrath;32061414;GENODED1KMP;47885;Kempen
Volksbank Kierspe;Volksbank Kierspe;45861434;GENODEM1KIE;58566;Kierspe
Volksbank Kirnau-Krautheim;Volksbank Kirnau-Krautheim;67461733;GENODE61RNG;74749;Rosenberg
Volksbank Klettgau-Wutöschingen;VB Klettgau-Wutöschingen;68462427;GENODE61WUT;79793;Wutöschingen
Volksbank Kleverland;Volksbank Kleverland;32460422;GENODED1KLL;47533;Kleve
Volksbank Kraichgau;Volksbank Kraichgau;67292200;GENODE61WIE;69157;Wiesloch
Volksbank Krefeld;Volksbank Krefeld;32060362;GENODED1HTK;47832;Krefeld
Volksbank Kurpfalz;Volksbank Kurpfalz;67092300;GENODE61WNM;69018;Heidelberg
Volksbank Köln Bonn;Volksbank Köln Bonn;38060186;GENODED1BRS;53252;Bonn
Volksbank Lahr;Volksbank Lahr;68290000;GENODE61LAH;77912;Lahr
Volksbank Langendernbach;Volksbank Langendernbach;51161606;GENODE51LDD;65599;Dornburg
Volksbank Lastrup;Volksbank Lastrup;28067257;GENODEF1LAP;49688;Lastrup
Volksbank Lauterecken;Volksbank Lauterecken;54091700;GENODE61LEK;67742;Lauterecken
Volksbank Leonberg-Strohgäu;Volksbank Leonberg-Strohgäu;60390300;GENODES1LEO;71226;Leonberg
Volksbank Lette-Darup-Rorup;Volksbank Lette-Darup-Rorup;40069226;GENODEM1CND;48645;Coesfeld
Volksbank Limbach;Volksbank Limbach;67462368;GENODE61LMB;74838;Limbach
Volksbank Lohne-Dinklage-Steinfeld-Mühlen;VB Lohne-Dinkl-Steinf-Mühl;28062560;GENODEF1LON;49379;Lohne (Oldenburg)
Volksbank Löbau-Zittau;VB Löbau-Zittau;85590100;GENODEF1NGS;02727;Ebersbach-Neugersdorf
Volksbank Löningen;Volksbank Löningen;28065061;GENODEF1LOG;49619;Löningen
Volksbank Lübeck;Volksbank Lübeck;23090142;GENODEF1HLU;23552;Lübeck
Volksbank Lüneburger Heide;VB Lüneburger Heide;24060300;GENODEF1NBU;21412;Winsen (Luhe)
Volksbank Magdeburg;VB Magdeburg;81093274;GENODEF1MD1;39104;Magdeburg
Volksbank Mainspitze;Volksbank Mainspitze;50862903;GENODE51GIN;65462;Ginsheim-Gustavsburg
Volksbank Marl-Recklinghausen;VB Marl-Recklinghausen;42661008;GENODEM1MRL;45752;Marl
Volksbank Mittelhessen;VB Mittelhessen;51390000;VBMHDE5FXXX;35340;Gießen
Volksbank Mittlerer Neckar;Volksbank Mittlerer Neckar;61290120;GENODES1NUE;73728;Esslingen am Neckar
Volksbank Mittlerer Schwarzwald;VB Mittlerer Schwarzwald;66492700;GENODE61KZT;77706;Wolfach
Volksbank Mittleres Erzgebirge;VB Mittl Erzgebirge;87069075;GENODEF1MBG;09526;Olbernhau
Volksbank Mittweida;Volksbank Mittweida;87096124;GENODEF1MIW;09648;Mittweida
Volksbank Möckmühl;Volksbank Möckmühl;62091600;GENODES1VMN;74219;Möckmühl
Volksbank Mönchengladbach;VB Mönchengladbach;31060517;GENODED1MRB;41241;Mönchengladbach
Volksbank Münsingen;Volksbank Münsingen;64091300;GENODES1MUN;72525;Münsingen
Volksbank Niedergrafschaft;VB Niedergrafschaft;28069926;GENODEF1HOO;49843;Uelsen
Volksbank Niederrhein;Volksbank Niederrhein;35461106;GENODED1NRH;46515;Alpen
Volksbank Niedersachsen-Mitte;VB Niedersachsen-Mitte;25691633;GENODEF1SUL;27318;Hoya
Volksbank Nordharz;Volksbank Nordharz;26890019;GENODEF1VNH;38640;Goslar
Volksbank Nordhümmling;Volksbank Nordhümmling;28069706;GENODEF1BOG;26904;Börger
Volksbank Nordschwarzwald;VB Nordschwarzwald;64291010;GENODES1FDS;72250;Freudenstadt
Volksbank Nottuln;Volksbank Nottuln;40164352;GENODEM1CNO;48301;Nottuln
Volksbank Ober-Mörlen;Volksbank Ober-Mörlen;51861806;GENODE51OBM;61239;Ober-Mörlen
Volksbank Oberberg;Volksbank Oberberg;38462135;GENODED1WIL;51674;Wiehl
Volksbank Ochtrup-Laer;Volksbank Ochtrup-Laer;40164618;GENODEM1OTR;48602;Ochtrup
Volksbank Oldenburg-Land Delmenhorst;VB Oldenb.-Land Delmenhorst;28066214;GENODEF1WDH;27793;Wildeshausen
Volksbank Olpe-Wenden-Drolshagen;VB Olpe-Wenden-Drolshagen;46261822;GENODEM1WDD;57450;Olpe
Volksbank Ostlippe;Volksbank Ostlippe;47691200;GENODEM1OLB;32820;Blomberg
Volksbank Oyten;Volksbank Oyten;29165545;GENODEF1OYT;28871;Oyten
Volksbank PLUS;Volksbank PLUS;49092650;GENODEM1LUB;32312;Lübbecke
Volksbank Papenburg Fil d. Ostfries. VB Leer;Volksbank Papenburg;28591579;GENODEF1PAP;26858;Papenburg
Volksbank Pfullendorf;Volksbank Pfullendorf;69091600;GENODE61PFD;88619;Pfullendorf
Volksbank Pirna;VB Pirna;85060000;GENODEF1PR2;01796;Pirna
Volksbank Plochingen;Volksbank Plochingen;61191310;GENODES1VBP;73203;Plochingen
Volksbank Raesfeld und Erle;Volksbank Raesfeld und Erle;42862451;GENODEM1RAE;46348;Raesfeld
Volksbank Raiffeisenbank;Volksbank Raiffeisenbank;20190109;GENODEF1HH4;25524;Itzehoe
Volksbank Raiffeisenbank AmmerGäu;VR Bank AmmerGäu;64161397;GENODES1AMM;72108;Rottenburg am Neckar
Volksbank Raiffeisenbank Bayern Mitte;VR Bank Bayern Mitte;72160818;GENODEF1INP;85023;Ingolstadt
Volksbank Raiffeisenbank Dachau;VB Raiffbk Dachau;70091500;GENODEF1DCA;85209;Dachau
Volksbank Raiffeisenbank Fürstenfeldbruck;VR-Bank Fürstenfeldbruck;70163370;GENODEF1FFB;82256;Fürstenfeldbruck
Volksbank Raiffeisenbank Hanau Ndl d Frankf VB;Frankfurter Volksbank;50690000;GENODEF1HUV;63412;Hanau
Volksbank Raiffeisenbank Meißen Großenhain;VB Raiffbk Meißen Großenh;85095004;GENODEF1MEI;01652;Meißen
Volksbank Raiffeisenbank Niederschlesien;VB Raiffbk Niederschlesien;85591000;GENODEF1GR1;02810;Görlitz
Volksbank Raiffeisenbank Nordoberpfalz;VR Nordoberpfalz;75390000;GENODEF1WEV;92637;Weiden i.d.OPf.
Volksbank Raiffeisenbank Oberbayern Südost;VB RB Oberbayern Südost;71090000;GENODEF1BGL;83435;Bad Reichenhall
Volksbank Raiffeisenbank Obermain;VR Obermain;77062139;GENODEF1SFF;96226;Bad Staffelstein
Volksbank Raiffeisenbank Regensburg-Schwandorf;VB RB Regensburg-Schwandorf;75090000;GENODEF1R01;93047;Regensburg
Volksbank Raiffeisenbank Würzburg;VR-Bank Würzburg;79090000;GENODEF1WU1;97070;Würzburg
Volksbank Rathenow;Volksbank Rathenow;16091994;GENODEF1RN1;14712;Rathenow
Volksbank Remseck;Volksbank Remseck;60069905;GENODES1REM;71680;Remseck am Neckar
Volksbank Rhede;Volksbank Rhede;42861814;GENODEM1RHD;46407;Rhede
Volksbank Rhein-Erft-Köln;VB Rhein-Erft-Köln;37062365;GENODED1FHH;50354;Hürth
Volksbank Rhein-Lahn-Limburg;VB Rhein-Lahn-Limburg;57092800;GENODE51DIE;65582;Diez
Volksbank Rhein-Lippe;Volksbank Rhein-Lippe;35660599;GENODED1RLW;46465;Wesel
Volksbank Rhein-Nahe-Hunsrück;VB Rhein-Nahe-Hunsrück;56090000;GENODE51KRE;55543;Bad Kreuznach
Volksbank Rhein-Ruhr;VB Rhein-Ruhr Duisburg;35060386;GENODED1VRR;47013;Duisburg
Volksbank Rheinböllen;Volksbank Rheinböllen;56062227;GENODED1RBO;55492;Rheinböllen
Volksbank Riesa;Volksbank Riesa;85094984;GENODEF1RIE;01587;Riesa
Volksbank Rot;Volksbank Rot St Leon-Rot;67262550;GENODE61LRO;68789;St. Leon-Rot
Volksbank Rottweil;Volksbank Rottweil;64290120;GENODES1VRW;78618;Rottweil
Volksbank Ruhr Mitte;VB Ruhr Mitte Gelsenkirchen;42260001;GENODEM1GBU;45877;Gelsenkirchen
Volksbank Sandhofen;Volksbank Ma-Sandhofen;67060031;GENODE61MA3;68273;Mannheim
Volksbank Sauerland;Volksbank Sauerland;46062817;GENODEM1SMA;57392;Schmallenberg
Volksbank Schermbeck;Volksbank Schermbeck;40069363;GENODEM1SMB;46510;Schermbeck
Volksbank Schlangen;Volksbank Schlangen;40069283;GENODEM1SLN;33185;Schlangen
Volksbank Schwalmtal;Volksbank Schwalmtal;31062553;GENODED1NKR;41372;Niederkrüchten
Volksbank Schwanewede;Volksbank Schwanewede;29162453;GENODEF1SWW;28784;Schwanewede
Volksbank Schwarzwald-Donau-Neckar;VB Schwarzwald-Donau-Neckar;64390130;GENODES1TUT;78513;Tuttlingen
Volksbank Seligenstadt;Volksbank Seligenstadt;50692100;GENODE51SEL;63490;Seligenstadt
Volksbank Selm-Bork;Volksbank Selm-Bork;40165366;GENODEM1SEM;59379;Selm
Volksbank Senden;Volksbank Senden;40069546;GENODEM1SDN;48308;Senden
Volksbank Solling;Volksbank Solling Hardegsen;26261693;GENODEF1HDG;37177;Hardegsen
Volksbank Spree-Neiße;Volksbank Spree-Neiße;18092744;GENODEF1SPM;03130;Spremberg
Volksbank Sprockhövel;Volksbank Sprockhövel;45261547;GENODEM1SPO;45538;Sprockhövel
Volksbank Stade-Cuxhaven;Volksbank Stade-Cuxhaven;24191015;GENODEF1SDE;21661;Stade
Volksbank Staufen;Volksbank Staufen;68092300;GENODE61STF;79216;Staufen im Breisgau
Volksbank Stendal;Volksbank Stendal;81093054;GENODEF1SDL;39576;Stendal
Volksbank Stuttgart;Volksbank Stuttgart;60090100;VOBADESSXXX;70039;Stuttgart
Volksbank Störmede-Westenholz-Hörste;VB Störmede-Westenholz-Hör.;41662465;GENODEM1SGE;33129;Delbrück
Volksbank Sulmtal;Volksbank Sulmtal;62061991;GENODES1VOS;74182;Obersulm
Volksbank Süd-Emsland;Volksbank Süd-Emsland;28069994;GENODEF1SPL;48480;Spelle
Volksbank Südheide - Isenhagener Land - Altmark;VB Südh.-Isenh.L.-Altm;25791635;GENODEF1HMN;29221;Celle
Volksbank Südkirchen-Capelle-Nordkirchen;Volksbank Nordkirchen;40069716;GENODEM1SCN;59394;Nordkirchen
Volksbank Thüringen Mitte;VB Thür. Mitte Erfurt;84094814;GENODEF1SHL;99084;Erfurt
Volksbank Trier Eifel;Volksbank Trier Eifel;58660101;GENODED1BIT;54292;Trier
Volksbank Trossingen;Volksbank Trossingen;64292310;GENODES1TRO;78647;Trossingen
Volksbank Uelzen-Salzwedel;Volksbank Uelzen-Salzwedel;25862292;GENODEF1EUB;29525;Uelzen
Volksbank Ulm-Biberach;Volksbank Ulm-Biberach;63090100;ULMVDE66XXX;89073;Ulm
Volksbank Ulrichstein;Volksbank Ulrichstein;51961023;GENODE51ULR;35327;Ulrichstein
Volksbank Usinger Land Ndl d Frankfurter VB;Volksbank Usinger Land;50092900;GENODE51USI;61250;Usingen
Volksbank Vechta;Volksbank Vechta;28064179;GENODEF1VEC;49364;Vechta
Volksbank Versmold;Volksbank Versmold;47863373;GENODEM1VMD;33762;Versmold
Volksbank Viersen;Volksbank Viersen;31460290;GENODED1VSN;41730;Viersen
Volksbank Visbek;Volksbank Visbek;28066103;GENODEF1VIS;49425;Visbek
Volksbank Vogtland-Saale-Orla;VB Vogtland-Saale-Orla;87095824;GENODEF1PL1;08525;Plauen
Volksbank Vorpommern;Volksbank Vorpommern;13091054;GENODEF1HST;18439;Stralsund
Volksbank Weschnitztal;Volksbank Weschnitztal;50961592;GENODE51FHO;64668;Rimbach
Volksbank Westerstede;Volksbank Westerstede;28063253;GENODEF1WRE;26655;Westerstede
Volksbank Westmünsterland;Volksbank Westmünsterland;42861387;GENODEM1BOB;48653;Coesfeld
Volksbank Westrhauderfehn;Volksbank Westrhauderfehn;28591654;GENODEF1WRH;26817;Rhauderfehn
Volksbank Wilhelmshaven;Volksbank Wilhelmshaven;28290063;GENODEF1WHV;26382;Wilhelmshaven
Volksbank Winsener Marsch;VB Winsener Marsch;20069965;GENODEF1WIM;21436;Marschacht
Volksbank Wipperfürth-Lindlar;VB Wipperfürth-Lindlar;37069840;GENODED1WPF;51688;Wipperfürth
Volksbank Wittenberg;Volksbank Wittenberg;80063598;GENODEF1WB1;06886;Lutherstadt Wittenberg
Volksbank Wittgenstein;Volksbank Wittgenstein;46063405;GENODEM1BB1;57306;Bad Berleburg
Volksbank Wißmar;Volksbank Wißmar;50069976;GENODE51WWI;35435;Wettenberg
Volksbank Zollernalb;Volksbank Zollernalb;65390120;GENODES1EBI;72336;Balingen
Volksbank Zuffenhausen m Zndl Stammheimer VB;VB Zuffenhausen;60090300;GENODES1ZUF;70432;Stuttgart
Volksbank Zwickau;Volksbank Zwickau;87095934;GENODEF1Z01;08056;Zwickau
Volksbank am Württemberg;Volksbank am Württemberg;60060396;GENODES1UTV;70703;Fellbach
Volksbank an der Niers;Volksbank an der Niers;32061384;GENODED1GDL;47623;Kevelaer
Volksbank im Bergischen Land;Volksbank i.Bergischen Land;34060094;VBRSDE33XXX;42897;Remscheid
Volksbank im Elbe-Weser-Dreieck;VB im Elbe-Weser-Dreieck;29265747;GENODEF1BEV;27613;Beverstedt
Volksbank im Harz;Volksbank im Harz;26891484;GENODEF1OHA;37504;Osterode am Harz
Volksbank im Hochsauerland;VB im Hochsauerland;40069266;GENODEM1MAS;59889;Eslohe (Sauerland)
Volksbank im Münsterland;Volksbank im Münsterland;40361906;GENODEM1IBB;48143;Münster
Volksbank im Wesertal;VB im Wesertal Coppenbrügge;25462680;GENODEF1COP;31863;Coppenbrügge
Volksbank in Ostwestfalen, Gütersloh;Volksbank in Ostwestfalen;47860125;GENODEM1GTL;33602;Bielefeld
Volksbank in Schaumburg und Nienburg;VB in Schaumburg & Nienburg;25591413;GENODEF1BCK;31737;Rinteln
Volksbank in Südwestfalen;VB in Südwestfalen;44761534;GENODEM1NRD;57072;Siegen
Volksbank in der Hohen Mark;Volksbank Hohen Mark, Reken;40069709;GENODEM1DLR;48734;Reken
Volksbank in der Region;Volksbank in der Region;60391310;GENODES1VBH;72070;Tübingen
Volksbank pur;Volksbank pur;66190000;GENODE61KA1;76045;Karlsruhe
Volksbank Überherrn;Volksbank Überherrn;59391200;GENODE51UBH;66802;Überherrn
Volksbank Überlingen;Volksbank Überlingen;69061800;GENODE61UBE;88662;Überlingen
Volksbank-Raiffeisenbank Glauchau;VB-RB Glauchau;87095974;GENODEF1GC1;08371;Glauchau
Wiesbadener Volksbank;Wiesbadener Volksbank;51090000;WIBADE5WXXX;65050;Wiesbaden
meine Volksbank Raiffeisenbank;meine Volksbank Raiffbk;71160000;GENODEF1VRR;83022;Rosenheim
